company name,Job Title,Link
CData Virtuality,Senior Backend Developer SaaS,https://weworkremotely.com/company/cdata-virtuality
Files.com,UI/UX Designer,https://weworkremotely.com/company/files-com
Used Conex LLC,Entry Level Sales Agent - Chat Only - Side Hustle,https://weworkremotely.com/company/used-conex-llc
Toggl,Senior Product Designer,https://weworkremotely.com/company/toggl
Metana,Coding Tech Bootcamp - Job Guaranteed by Metana,https://weworkremotely.comhttps://metana.io/full-stack-software-engineer-bootcamp/?utm_source=weworkremotely.com&utm_medium=homepage-ad
OnTheGoSystems,Senior UX/UI Designer,https://weworkremotely.com/company/onthegosystems
"The Hoyle Firm, PC",Marketing and Website Specialist,https://weworkremotely.com/company/the-hoyle-firm-pc
Subscript,Senior Product Designer,https://weworkremotely.com/company/subscript
Realiste,"Creative Director, Realiste AI",https://weworkremotely.com/company/realiste
IxDF - Interaction Design Foundation,UI/UX Content Architect,https://weworkremotely.com/company/ixdf-interaction-design-foundation
Chameleon,Senior Product Designer,https://weworkremotely.com/company/chameleon
Spiralyze,UI/UX Designer,https://weworkremotely.com/company/spiralyze
Michael Findeisen Consulting,Backend Manager/Sales Trainer,https://weworkremotely.com/company/michael-findeisen-consulting
6 Figure Creative,Remote High Ticket Closer (Inside Sales Representative),https://weworkremotely.com/company/6-figure-creative
Almabase,Senior Account Executive,https://weworkremotely.com/company/almabase
Patchstack,Social Media Manager,https://weworkremotely.com/company/patchstack
Close,Account Executive,https://weworkremotely.com/company/close
NoGigiddy,Remote Sales Development Representative (SDR),https://weworkremotely.com/company/nogigiddy
WP All Import,WP All Import: SEO Strategist & Writer,https://weworkremotely.com/company/wp-all-import
Community Phone,Founding B2B Sales Manager,https://weworkremotely.com/company/community-phone
Royal Moving & Storage Inc.,Interstate Moving Consultant,https://weworkremotely.com/company/royal-moving-storage-inc
Vidpros,Business Development - Agency and Creator Outreach,https://weworkremotely.com/company/vidpros
LatHire,SEO Specialist,https://weworkremotely.com/company/lathire
Toast,"Senior Manager, Retail Partnerships",https://weworkremotely.com/company/toast
Salesflow.io,Marketing Executive – Join Salesflow’s Dynamic Team!,https://weworkremotely.com/company/salesflow-io
Report Owl LLC,Remote Inside Sales,https://weworkremotely.com/company/report-owl-llc
UsedConex.com,Remote Sales Chat Representative,https://weworkremotely.com/company/usedconex-com
Real Mushrooms,Growth Marketing Manager (eCommerce & Amazon - Canada/US),https://weworkremotely.com/company/real-mushrooms
Skyline Management GmbH,Social Media Manager,https://weworkremotely.com/company/skyline-management-gmbh
Simon Miccio Miccio,Remote Growth Marketing & Lead Gen Expert | Art Sales,https://weworkremotely.com/company/simon-miccio-miccio
Hygraph,"Pre-Sales Solutions Engineer (f/m/d) - Texas, USA Remote",https://weworkremotely.com/company/hygraph
Loop Support,Remote Pre-planning Sales Representative,https://weworkremotely.com/company/loop-support
Stone Creek Global,Account Executive Recession Proof Sell Money Very Large Income,https://weworkremotely.com/company/stone-creek-global
LawnStarter,Digital Growth Marketing Manager,https://weworkremotely.com/company/lawnstarter
VERIA,Retention & Email Marketing Specialist,https://weworkremotely.com/company/veria
VERIA,Growth & Performance Marketing Manager (Google Ads Specialist),https://weworkremotely.com/company/veria
Float,Senior Content Marketer,https://weworkremotely.com/company/float
Zanda Health,Manager of Branding & Communications,https://weworkremotely.com/company/zanda-health
"Adept Consulting Services, Inc.",Microsoft DevOps Engineer (On-Prem),https://weworkremotely.com/company/adept-consulting-services-inc
Soflyy,WordPress Developer/Technical Writer,https://weworkremotely.com/company/soflyy
Proxify AB,Senior Next.js Developer,https://weworkremotely.com/company/proxify-ab
Proxify AB,Senior Vue.js Developer,https://weworkremotely.com/company/proxify-ab
Proxify AB,Senior MS Power BI Developer,https://weworkremotely.com/company/proxify-ab
Proxify AB,Senior ERP Solutions Developer,https://weworkremotely.com/company/proxify-ab
Proxify AB,Senior Data Scientist,https://weworkremotely.com/company/proxify-ab
Proxify AB,Senior Sharepoint Developer,https://weworkremotely.com/company/proxify-ab
Proxify AB,Senior MS 365 Admin Developer (Power Platform),https://weworkremotely.com/company/proxify-ab
Proxify AB,Senior ERP Software Engineer (SAP),https://weworkremotely.com/company/proxify-ab
TELUS International AI Inc,Part time Remote Search Analyst United States,https://weworkremotely.com/company/telus-international-ai-inc
DataAnnotation.tech,FT/PT Remote AI Prompt Engineering & Evaluation - Will Train,https://weworkremotely.com/company/dataannotation-tech
Native Camp,Online English Teacher,https://weworkremotely.com/company/native-camp
ProWriterSites,Freelance Writer,https://weworkremotely.com/company/prowritersites
EWU Media LLC,Experienced True Crime Scriptwriter Needed for Media Company,https://weworkremotely.com/company/ewu-media-llc
PR Volt,PR Campaign Manager,https://weworkremotely.com/company/pr-volt
Alfanoos International Ltd,Data Entry Specialist,https://weworkremotely.com/company/alfanoos-international-ltd
The Sher Agency,Website Quality Assurance Specialist,https://weworkremotely.com/company/the-sher-agency
Kake,QA Architect,https://weworkremotely.com/company/kake
Northwrd,Shopify Project Manager (Client-Facing),https://weworkremotely.com/company/northwrd
Altitude,Wanted: Sociable and Proactive Event Host for Destination Retreats,https://weworkremotely.com/company/altitude
BEwriters,Remote Freelance Content writer/Copywriter,https://weworkremotely.com/company/bewriters
Stiebler Commerce,Operations Manager,https://weworkremotely.com/company/stiebler-commerce
PR Volt,Talent Acquisition Manager (part-time),https://weworkremotely.com/company/pr-volt
GrowthX,Managing Editor,https://weworkremotely.com/company/growthx
LatHire,Shopify Developer,https://weworkremotely.com/company/lathire
Quizgecko.com,React Native Developer,https://weworkremotely.com/company/quizgecko-com
SimplyAnalytics,Senior Frontend Developer,https://weworkremotely.com/company/simplyanalytics
Close,Senior Software Engineer - Frontend/React - USA Only (100% Remote),https://weworkremotely.com/company/close
Volatus Health,Senior Frontend Engineer,https://weworkremotely.com/company/volatus-health
Speechify Inc,"Senior Software Engineer, ML Platform & Data Acquisition (Python)",https://weworkremotely.com/company/speechify-inc
Speechify Inc,Senior iOS Engineer,https://weworkremotely.com/company/speechify-inc
Breakthrough Design Group,Web Developer / Designer,https://weworkremotely.com/company/breakthrough-design-group
Soar Financials,Frontend Engineering Manager,https://weworkremotely.com/company/soar-financials
Constable.co.uk,Frontend Developer – Leading Sports Brand,https://weworkremotely.com/company/constable-co-uk
Maharishi Foundation International,Senior Mobile Engineer,https://weworkremotely.com/company/maharishi-foundation-international
SKYCATCHFIRE,Senior React Developer,https://weworkremotely.com/company/skycatchfire
Bitovi,Frontend Developer Consultant (Nearshore),https://weworkremotely.com/company/bitovi
Doximity,"Software Engineer (Python), Data Platform",https://weworkremotely.com/company/doximity
Paperpile,"Senior Frontend Engineer (React, TypeScript)",https://weworkremotely.com/company/paperpile
Paperpile,Senior Mobile Engineer (iOS and Android),https://weworkremotely.com/company/paperpile
Speechify Inc,"Senior Software Engineer, Web",https://weworkremotely.com/company/speechify-inc
Chameleon,Senior Frontend Engineer,https://weworkremotely.com/company/chameleon
OnTheGoSystems,RoR&AWS Developer,https://weworkremotely.com/company/onthegosystems
OnTheGoSystems,Full-Stack Developer,https://weworkremotely.com/company/onthegosystems
MDCalc,Senior Full Stack Engineer (Remote),https://weworkremotely.com/company/mdcalc
Paymentology,Software Engineer,https://weworkremotely.com/company/paymentology
Elite Software Automation,Software Design Engineer,https://weworkremotely.com/company/elite-software-automation
Outlier AI,Remote Coding Expertise for AI Training (Dutch),https://weworkremotely.com/company/outlier-ai
Outlier AI,Remote Coding Expertise for AI Training (Danish),https://weworkremotely.com/company/outlier-ai
Outlier AI,Remote Coding Expertise for AI Training (Norwegian),https://weworkremotely.com/company/outlier-ai
Lemon.io,Senior React & Python Developer,https://weworkremotely.com/company/lemon-io
OnTheGoSystems,PHP / Python Developer,https://weworkremotely.com/company/onthegosystems
LifeAnalytics,Full Remote:Bio&Pathology Field Senior Full Stuck Developer,https://weworkremotely.com/company/lifeanalytics
Vanta,"Senior Software Engineer, Full Stack (Product Platform)",https://weworkremotely.com/company/vanta
Learning Tapestry,Senior Full Stack Engineer (Ruby on Rails/React),https://weworkremotely.com/company/learning-tapestry
Subscript,"Software Engineer (Frontend, Backend, or Full stack)",https://weworkremotely.com/company/subscript
Platform Engineering Labs,Senior Software Engineer - GoLang,https://weworkremotely.com/company/platform-engineering-labs
Freeman's | Hindman,Lead Software Engineer,https://weworkremotely.com/company/freeman-s-hindman
MailerLite,PHP Engineer,https://weworkremotely.com/company/mailerlite
IxDF - Interaction Design Foundation,Senior PHP/Laravel Developer - Full-Stack,https://weworkremotely.com/company/ixdf-interaction-design-foundation
Edge Network,Web Developer,https://weworkremotely.com/company/edge-network
Elevate Labs,Senior Front End Web Engineer,https://weworkremotely.com/company/elevate-labs
CodeSignal,"Sr. Software Engineer, Simulation",https://weworkremotely.com/company/codesignal
MotoMate123,Full Stack Node/Angular/AWS Developer,https://weworkremotely.com/company/motomate123
The Sher Agency,Webflow & Wordpress Developer,https://weworkremotely.com/company/the-sher-agency
DistroKid,Software Engineering Manager,https://weworkremotely.com/company/distrokid
Dakoda.ai,Frontend Developer,https://weworkremotely.com/company/dakoda-ai
Canonical,Golang Engineer,https://weworkremotely.com/company/canonical
Proxify AB,Senior DevOps Engineer (Azure),https://weworkremotely.com/company/proxify-ab
Proxify AB,Senior DevOps Engineer (AWS),https://weworkremotely.com/company/proxify-ab
Lemon.io,Senior DevOps Engineer,https://weworkremotely.com/company/lemon-io
Pagos.ai,Data Engineer,https://weworkremotely.com/company/pagos-ai
Discord,"Staff Product Designer, Design Systems",https://weworkremotely.com/company/discord
Creative Force,"Technical web manager (Remote, Europe or Asia Pacific)",https://weworkremotely.com/company/creative-force
BaxEnergy,Senior Site Reliability Engineer,https://weworkremotely.com/company/baxenergy
Relay Commerce,Engineering Manager,https://weworkremotely.com/company/relay-commerce
RemoteMore,DevOps Engineer,https://weworkremotely.com/company/remotemore
Discogs Inc,Senior Data Engineer _ Contract to Hire (REMOTE),https://weworkremotely.com/company/discogs-inc
CData Software,DevOps/Platform Engineer,https://weworkremotely.com/company/cdata-software
Omni Interactions,US ONLY! Learn on your time!! - Customer Support! $17/hour - Weekly Pay,https://weworkremotely.com/company/omni-interactions
NoGigiddy,"Chat Support Agent (Remote) - Entry Level, No Degree Required - 15 - 18 per Hour",https://weworkremotely.com/company/nogigiddy
Tiller,Customer Support Representative,https://weworkremotely.com/company/tiller
Clustdoc,Customer Success Manager,https://weworkremotely.com/company/clustdoc
HTL Recruits,Data Analyst,https://weworkremotely.com/company/htl-recruits
Mozio,Customer Success Expert,https://weworkremotely.com/company/mozio
Your Insurance License LLC,Administrative Assistant,https://weworkremotely.com/company/your-insurance-license-llc
VERIA,E-Commerce Operations & Customer Service Assistant,https://weworkremotely.com/company/veria
Working Solutions,"Customer Support Representative, Intuit TurboTax",https://weworkremotely.com/company/working-solutions
GemCommerce,Customer Technical Support Associate (All Levels),https://weworkremotely.com/company/gemcommerce
Relay Commerce,Technical Customer Success Specialist,https://weworkremotely.com/company/relay-commerce
Storeganise,Customer service specialist (APAC),https://weworkremotely.com/company/storeganise
Creative Force,"SaaS Product Support Jedi (Remote, Americas)",https://weworkremotely.com/company/creative-force
The Ward Law Group,Virtual Assistants for a Personal Injury Law Firm - Customer Service and Sales Experience,https://weworkremotely.com/company/the-ward-law-group
BREEDJ,Microsoft 365 Technical Advisor,https://weworkremotely.com/company/breedj
NoGigiddy,Entry-Level Account Manager,https://weworkremotely.com/company/nogigiddy
NoGigiddy,Remote Customer Success Specialist,https://weworkremotely.com/company/nogigiddy
Clipboard Health,Customer Ops Leader,https://weworkremotely.com/company/clipboard-health
Filestage,Customer Success Manager (German Speaking),https://weworkremotely.com/company/filestage
NoGigiddy,Remote Customer Service Rep Up to 19/hour - No Degree Needed,https://weworkremotely.com/company/nogigiddy
"LeadSimple, Inc.",Customer Support Representative II,https://weworkremotely.com/company/leadsimple-inc
BrightOrder Inc.,Controller- The Financial Architect of Growth,https://weworkremotely.com/company/brightorder-inc
Elite Software Automation,Business Analyst,https://weworkremotely.com/company/elite-software-automation
Instacart,Scalability Analytics Lead,https://weworkremotely.com/company/instacart
Abnormal Security,Security Technical Program Manager,https://weworkremotely.com/company/abnormal-security
Cresta,Implementation Manager,https://weworkremotely.com/company/cresta
Pie Insurance,Acquisition Specialist,https://weworkremotely.com/company/pie-insurance
DoorDash,"Actuarial Manager, Pricing",https://weworkremotely.com/company/doordash
Clipboard Health,Collection Specialist,https://weworkremotely.com/company/clipboard-health
Close,Senior Accountant,https://weworkremotely.com/company/close
Plex,"Manager, Customer Success",https://weworkremotely.com/company/plex
Datadog,Strategic Account Executive,https://weworkremotely.com/company/datadog
Clipboard Health,Collections Account Manager,https://weworkremotely.com/company/clipboard-health
StarTree,Customer Success Manager,https://weworkremotely.com/company/startree
Affirm,"Senior Manager, Communications",https://weworkremotely.com/company/affirm
Cribl,Strategy and Operations Manager,https://weworkremotely.com/company/cribl
Real Mushrooms,Bookkeeper,https://weworkremotely.com/company/real-mushrooms
SENSIC,Finance Manager - Performance Marketing Agency,https://weworkremotely.com/company/sensic
Sanctuary Computer/ garden3d,Financial Controller (Part Time),https://weworkremotely.com/company/sanctuary-computer-garden3d
SBS Expedited Services Ltd,Supply Chain Communication Coordinator,https://weworkremotely.com/company/sbs-expedited-services-ltd
NorthStar Finance LLC,Accounting Assistant,https://weworkremotely.com/company/northstar-finance-llc
MediaBuyer.com,Head of Operations & Client Success,https://weworkremotely.com/company/mediabuyer-com
Soar Financials,Senior Business Analyst,https://weworkremotely.com/company/soar-financials
Maverick Trading,Equity/Option Trader at Maverick Trading,https://weworkremotely.com/company/maverick-trading
Spiralyze,Project/Product Manager,https://weworkremotely.com/company/spiralyze
Adams HR Group LLC,General Manager,https://weworkremotely.com/company/adams-hr-group-llc
Soar Financials,Software Quality Assurance Manager,https://weworkremotely.com/company/soar-financials
Tailscale,Product Design Manager,https://weworkremotely.com/company/tailscale
Wordwall,Product Analyst,https://weworkremotely.com/company/wordwall
Soar Financials,Product Owner,https://weworkremotely.com/company/soar-financials
Toggl,Head of Product,https://weworkremotely.com/company/toggl
Wealthbox CRM,QA Analyst,https://weworkremotely.com/company/wealthbox-crm
A.Team,Senior Independent Product Manager/Product Designer ($90-$170/hr),https://weworkremotely.com/company/a-team
Bitovi,Technical Product Owner,https://weworkremotely.com/company/bitovi
ScholarshipOwl,Senior B2C Product Manager,https://weworkremotely.com/company/scholarshipowl
ClickGUARD Inc.,Product Manager with PPC Marketing Experience,https://weworkremotely.com/company/clickguard-inc
HiveMQ,Senior Product Manager,https://weworkremotely.com/company/hivemq
Toggl,Senior Product Manager,https://weworkremotely.com/company/toggl
OnTheGoSystems,Ruby on Rails Developer,https://weworkremotely.com/company/onthegosystems
Proton.ai,Senior Backend Engineer,https://weworkremotely.com/company/proton-ai
Edge Network,Web3 Systems Engineer,https://weworkremotely.com/company/edge-network
Float,Senior Data Engineer,https://weworkremotely.com/company/float
Source,"Senior Software Engineer, Backend",https://weworkremotely.com/company/source
Hygraph,Backend Engineer (f/m/d) - Remote EMEA,https://weworkremotely.com/company/hygraph
Float,Senior Back-End Engineer,https://weworkremotely.com/company/float
Close,Senior Software Engineer - Backend/Python - USA Only (100% Remote),https://weworkremotely.com/company/close
Filestage,Revenue Data Engineer,https://weworkremotely.com/company/filestage
Volatus Health,Senior Backend Engineer,https://weworkremotely.com/company/volatus-health
Semaphore,Senior Software Engineer,https://weworkremotely.com/company/semaphore
Sanctuary Computer,"Senior Software Engineer (Backend, Native Android or iOS)",https://weworkremotely.com/company/sanctuary-computer
Bitovi,Backend Developer Consultant,https://weworkremotely.com/company/bitovi
Speechify Inc,Senior Data Engineer - AI Team,https://weworkremotely.com/company/speechify-inc
Wisnam,Cloud Software Engineer,https://weworkremotely.com/company/wisnam
Soar Financials,Senior Backend Engineer,https://weworkremotely.com/company/soar-financials
Manual,Backend Typescript Engineer,https://weworkremotely.com/company/manual
Silverfin,Team Lead Product - Engineering Team,https://weworkremotely.com/company/silverfin
Silverfin,Experienced Ruby Engineer,https://weworkremotely.com/company/silverfin
Silverfin,Ruby Engineer,https://weworkremotely.com/company/silverfin
EveryoneSocial,"Backend Engineer (profitable startup, veteran team, market leader)",https://weworkremotely.com/company/everyonesocial
Scalable Path,Machine Learning Engineer for Agentic AI,https://weworkremotely.com/company/scalable-path
SKYCATCHFIRE,Senior Django Developer,https://weworkremotely.com/company/skycatchfire
NERIS Analytics Limited,Experienced Backend Developer (Laravel/Vue),https://weworkremotely.com/company/neris-analytics-limited
Hostaway Opco Oy,Engineering Technical Lead - Node.js - EMEA,https://weworkremotely.com/company/hostaway-opco-oy
