Job Title,Location,Link
,,https://weworkremotely.com/categories/remote-design-jobs
,,https://weworkremotely.com/categories/remote-sales-and-marketing-jobs
,,https://weworkremotely.com/categories/all-other-remote-jobs
,,https://weworkremotely.com/categories/remote-front-end-programming-jobs
,,https://weworkremotely.com/categories/remote-full-stack-programming-jobs
,,https://weworkremotely.com/categories/remote-devops-sysadmin-jobs
,,https://weworkremotely.com/categories/remote-customer-support-jobs
,,https://weworkremotely.com/categories/remote-management-and-finance-jobs
,,https://weworkremotely.com/categories/remote-product-jobs
,,https://weworkremotely.com/categories/remote-back-end-programming-jobs
